"declaration","file","line","mathematical_statement","assumptions","correspondence","dependencies","build_status"
"OBS.CoreBranch.phaseCoupling_sq_le_DH","OBS/CoreBranch/AlgebraicCore.lean","14","theorem phaseCoupling_sq_le_DH {B D K H : ℝ} (hD : 0 ≤ D) (hBK : B ^ 2 ≤ D * K) (hKH : K ≤ H) : B ^ 2 ≤ D * H","All typed hypotheses are explicit in the signature; no hidden project axioms","Reusable exact theorem","Imported project modules and pinned Mathlib v4.29.0","PASS — clean project build, Lean 4.29.0"
"OBS.CoreBranch.phaseCoupling_sq_lt_DH_of_lt","OBS/CoreBranch/AlgebraicCore.lean","21","theorem phaseCoupling_sq_lt_DH_of_lt {B D K H : ℝ} (hD : 0 < D) (hBK : B ^ 2 ≤ D * K) (hKH : K < H) : B ^ 2 < D * H","All typed hypotheses are explicit in the signature; no hidden project axioms","Reusable exact theorem","Imported project modules and pinned Mathlib v4.29.0","PASS — clean project build, Lean 4.29.0"
"OBS.CoreBranch.threeFactor_identity","OBS/CoreBranch/AlgebraicCore.lean","32","theorem threeFactor_identity {sigma a b N D B C H : ℝ} (hC : C ≠ 0) (hH : H ≠ 0) (hB : B ≠ 0) (hb : b ≠ 0) (haN : a * N = D / 2) (hbN : b * N = B) : sigma * a / b ^ 2 = (sigma / (2 * C)) * (D * H / B ^ 2) * (N * C / H)","All typed hypotheses are explicit in the signature; no hidden project axioms","Reusable exact theorem","Imported project modules and pinned Mathlib v4.29.0","PASS — clean project build, Lean 4.29.0"
"OBS.CoreBranch.product_lt_one_iff_last_lt_inv","OBS/CoreBranch/AlgebraicCore.lean","48","theorem product_lt_one_iff_last_lt_inv {tau kappa etaCur : ℝ} (htau : 0 < tau) (hkappa : 0 < kappa) : tau * kappa * etaCur < 1 ↔ etaCur < 1 / (tau * kappa)","All typed hypotheses are explicit in the signature; no hidden project axioms","Reusable exact theorem","Imported project modules and pinned Mathlib v4.29.0","PASS — clean project build, Lean 4.29.0"
"OBS.CoreBranch.obsViolation_iff_etaCur_lt","OBS/CoreBranch/AlgebraicCore.lean","56","theorem obsViolation_iff_etaCur_lt {Y tau kappa etaCur : ℝ} (hY : Y = tau * kappa * etaCur) (htau : 0 < tau) (hkappa : 0 < kappa) : Y < 1 ↔ etaCur < 1 / (tau * kappa)","All typed hypotheses are explicit in the signature; no hidden project axioms","Reusable exact theorem","Imported project modules and pinned Mathlib v4.29.0","PASS — clean project build, Lean 4.29.0"
"OBS.CoreBranch.threeFactor_strict_bound","OBS/CoreBranch/AlgebraicCore.lean","65","theorem threeFactor_strict_bound {Y tau kappa etaCur eta : ℝ} (hY : Y = tau * kappa * etaCur) (htau : 1 < tau) (hkappa : 1 < kappa) (hetaCur : 0 < etaCur) (hlocal : eta ≤ etaCur) : etaCur < Y ∧ eta ≤ etaCur","All typed hypotheses are explicit in the signature; no hidden project axioms","Reusable exact theorem","Imported project modules and pinned Mathlib v4.29.0","PASS — clean project build, Lean 4.29.0"
"OBS.CoreBranch.guSlack_regrouping","OBS/CoreBranch/AlgebraicCore.lean","81","theorem guSlack_regrouping {C G B M D H : ℝ} (hB : B ≠ 0) (hG : G ≠ 0) (hH : H ≠ 0) : (C * G / B ^ 2) * (M * D / G) = (D * H / B ^ 2) * (M * C / H)","All typed hypotheses are explicit in the signature; no hidden project axioms","Reusable exact theorem","Imported project modules and pinned Mathlib v4.29.0","PASS — clean project build, Lean 4.29.0"
"OBS.CoreBranch.pairSum_add","OBS/CoreBranch/EigenmodeIdentities.lean","20","@[simp] theorem pairSum_add (f g : I → I → ℝ) : pairSum (fun i j ↦ f i j + g i j) = pairSum f + pairSum g","All typed hypotheses are explicit in the signature; no hidden project axioms","Reusable exact theorem","Imported project modules and pinned Mathlib v4.29.0","PASS — clean project build, Lean 4.29.0"
"OBS.CoreBranch.pairSum_sub","OBS/CoreBranch/EigenmodeIdentities.lean","24","@[simp] theorem pairSum_sub (f g : I → I → ℝ) : pairSum (fun i j ↦ f i j - g i j) = pairSum f - pairSum g","All typed hypotheses are explicit in the signature; no hidden project axioms","Reusable exact theorem","Imported project modules and pinned Mathlib v4.29.0","PASS — clean project build, Lean 4.29.0"
"OBS.CoreBranch.pairSum_const_mul","OBS/CoreBranch/EigenmodeIdentities.lean","28","@[simp] theorem pairSum_const_mul (c : ℝ) (f : I → I → ℝ) : pairSum (fun i j ↦ c * f i j) = c * pairSum f","All typed hypotheses are explicit in the signature; no hidden project axioms","Reusable exact theorem","Imported project modules and pinned Mathlib v4.29.0","PASS — clean project build, Lean 4.29.0"
"OBS.CoreBranch.pairSum_congr","OBS/CoreBranch/EigenmodeIdentities.lean","32","theorem pairSum_congr {f g : I → I → ℝ} (h : ∀ i j, f i j = g i j) : pairSum f = pairSum g","All typed hypotheses are explicit in the signature; no hidden project axioms","Reusable exact theorem","Imported project modules and pinned Mathlib v4.29.0","PASS — clean project build, Lean 4.29.0"
"OBS.CoreBranch.pairSum_swap","OBS/CoreBranch/EigenmodeIdentities.lean","41","theorem pairSum_swap (f : I → I → ℝ) : pairSum (fun i j ↦ f j i) = pairSum f","All typed hypotheses are explicit in the signature; no hidden project axioms","Reusable exact theorem","Imported project modules and pinned Mathlib v4.29.0","PASS — clean project build, Lean 4.29.0"
"OBS.CoreBranch.stationary_transport","OBS/CoreBranch/EigenmodeIdentities.lean","47","theorem stationary_transport (flow : I → I → ℝ) (hstat : ∀ i, ∑ j, flow i j = ∑ j, flow j i) (f : I → ℝ) : pairSum (fun i j ↦ flow i j * f j) = pairSum (fun i j ↦ flow i j * f i)","All typed hypotheses are explicit in the signature; no hidden project axioms","Reusable exact theorem","Imported project modules and pinned Mathlib v4.29.0","PASS — clean project build, Lean 4.29.0"
"OBS.CoreBranch.stationary_dirichlet_identity","OBS/CoreBranch/EigenmodeIdentities.lean","78","theorem stationary_dirichlet_identity (flow : I → I → ℝ) (hstat : ∀ i, ∑ j, flow i j = ∑ j, flow j i) (x : I → ℝ) : pairSum (fun i j ↦ flow i j * x i * (x j - x i)) = -(1 / 2 : ℝ) * pairSum (fun i j ↦ flow i j * (x j - x i) ^ 2)","All typed hypotheses are explicit in the signature; no hidden project axioms","Reusable exact theorem","Imported project modules and pinned Mathlib v4.29.0","PASS — clean project build, Lean 4.29.0"
"OBS.CoreBranch.stationary_phase_identity","OBS/CoreBranch/EigenmodeIdentities.lean","111","theorem stationary_phase_identity (flow : I → I → ℝ) (x y : I → ℝ) : pairSum (fun i j ↦ flow i j * (x i * y j - y i * x j)) = (1 / 2 : ℝ) * pairSum (fun i j ↦ (flow i j - flow j i) * (x i * y j - y i * x j))","All typed hypotheses are explicit in the signature; no hidden project axioms","Reusable exact theorem","Imported project modules and pinned Mathlib v4.29.0","PASS — clean project build, Lean 4.29.0"
"OBS.CoreBranch.weighted_eigenmode_identities","OBS/CoreBranch/EigenmodeIdentities.lean","158","theorem weighted_eigenmode_identities (flow : I → I → ℝ) (pi x y : I → ℝ) (a b : ℝ) (hstat : ∀ i, ∑ j, flow i j = ∑ j, flow j i) (hmode : WeightedRealMode flow pi x y a b) : a * modeNorm pi x y = modeD flow x y / 2 ∧ b * modeNorm pi x y = modeB flow x y","All typed hypotheses are explicit in the signature; no hidden project axioms","Reusable exact theorem","Imported project modules and pinned Mathlib v4.29.0","PASS — clean project build, Lean 4.29.0"
"OBS.CoreBranch.modeB_ne_zero_of_nonreal","OBS/CoreBranch/EigenmodeIdentities.lean","238","theorem modeB_ne_zero_of_nonreal {flow : I → I → ℝ} {pi x y : I → ℝ} {b : ℝ} (hN : 0 < modeNorm pi x y) (hb : b ≠ 0) (hid : b * modeNorm pi x y = modeB flow x y) : modeB flow x y ≠ 0","All typed hypotheses are explicit in the signature; no hidden project axioms","Reusable exact theorem","Imported project modules and pinned Mathlib v4.29.0","PASS — clean project build, Lean 4.29.0"
"OBS.CoreBranch.exists_nonzero_current_of_modeB_ne_zero","OBS/CoreBranch/EigenmodeIdentities.lean","247","theorem exists_nonzero_current_of_modeB_ne_zero {flow : I → I → ℝ} {x y : I → ℝ} (hB : modeB flow x y ≠ 0) : ∃ i j, flow i j - flow j i ≠ 0","All typed hypotheses are explicit in the signature; no hidden project axioms","Reusable exact theorem","Imported project modules and pinned Mathlib v4.29.0","PASS — clean project build, Lean 4.29.0"
"OBS.CoreBranch.entropy_current_le","OBS/CoreBranch/EntropyCurrent.lean","90","theorem entropy_current_le {x y : ℝ} (hx : 0 < x) (hy : 0 < y) : 2 * (x - y) ^ 2 / (x + y) ≤ (x - y) * Real.log (x / y)","All typed hypotheses are explicit in the signature; no hidden project axioms","Reusable exact theorem","Imported project modules and pinned Mathlib v4.29.0","PASS — clean project build, Lean 4.29.0"
"OBS.CoreBranch.entropy_current_lt_of_ne","OBS/CoreBranch/EntropyCurrent.lean","101","theorem entropy_current_lt_of_ne {x y : ℝ} (hx : 0 < x) (hy : 0 < y) (hxy : x ≠ y) : 2 * (x - y) ^ 2 / (x + y) < (x - y) * Real.log (x / y)","All typed hypotheses are explicit in the signature; no hidden project axioms","Reusable exact theorem","Imported project modules and pinned Mathlib v4.29.0","PASS — clean project build, Lean 4.29.0"
"OBS.CoreBranch.entropy_current_eq_iff","OBS/CoreBranch/EntropyCurrent.lean","112","theorem entropy_current_eq_iff {x y : ℝ} (hx : 0 < x) (hy : 0 < y) : (x - y) * Real.log (x / y) = 2 * (x - y) ^ 2 / (x + y) ↔ x = y","All typed hypotheses are explicit in the signature; no hidden project axioms","Reusable exact theorem","Imported project modules and pinned Mathlib v4.29.0","PASS — clean project build, Lean 4.29.0"
"OBS.CoreBranch.sum_entropy_current_le","OBS/CoreBranch/EntropyCurrent.lean","130","theorem sum_entropy_current_le (x y : E → ℝ) (hx : ∀ e, 0 < x e) (hy : ∀ e, 0 < y e) : ∑ e, 2 * (x e - y e) ^ 2 / (x e + y e) ≤ ∑ e, (x e - y e) * Real.log (x e / y e)","All typed hypotheses are explicit in the signature; no hidden project axioms","Reusable exact theorem","Imported project modules and pinned Mathlib v4.29.0","PASS — clean project build, Lean 4.29.0"
"OBS.CoreBranch.sum_entropy_current_lt_of_exists_ne","OBS/CoreBranch/EntropyCurrent.lean","137","theorem sum_entropy_current_lt_of_exists_ne (x y : E → ℝ) (hx : ∀ e, 0 < x e) (hy : ∀ e, 0 < y e) (hne : ∃ e, x e ≠ y e) : ∑ e, 2 * (x e - y e) ^ 2 / (x e + y e) < ∑ e, (x e - y e) * Real.log (x e / y e)","All typed hypotheses are explicit in the signature; no hidden project axioms","Reusable exact theorem","Imported project modules and pinned Mathlib v4.29.0","PASS — clean project build, Lean 4.29.0"
"OBS.CoreBranch.sum_entropy_current_eq_iff","OBS/CoreBranch/EntropyCurrent.lean","149","theorem sum_entropy_current_eq_iff (x y : E → ℝ) (hx : ∀ e, 0 < x e) (hy : ∀ e, 0 < y e) : (∑ e, (x e - y e) * Real.log (x e / y e) = ∑ e, 2 * (x e - y e) ^ 2 / (x e + y e)) ↔ ∀ e, x e = y e","All typed hypotheses are explicit in the signature; no hidden project axioms","Reusable exact theorem","Imported project modules and pinned Mathlib v4.29.0","PASS — clean project build, Lean 4.29.0"
"OBS.CoreBranch.weighted_endpointAverage_le_max","OBS/CoreBranch/FiniteWeighted.lean","19","theorem weighted_endpointAverage_le_max (w leftAmp rightAmp : E → ℝ) (M : ℝ) (hw : ∀ e, 0 ≤ w e) (hl : ∀ e, leftAmp e ≤ M) (hr : ∀ e, rightAmp e ≤ M) : ∑ e, w e * ((leftAmp e + rightAmp e) / 2) ≤ M * ∑ e, w e","All typed hypotheses are explicit in the signature; no hidden project axioms","Exact reusable finite weighted theorem; concrete Markov instantiation remains separate","Imported project modules and pinned Mathlib v4.29.0","PASS — clean project build, Lean 4.29.0"
"OBS.CoreBranch.weighted_endpointAverage_deficit","OBS/CoreBranch/FiniteWeighted.lean","37","theorem weighted_endpointAverage_deficit (w leftAmp rightAmp : E → ℝ) (M : ℝ) : M * (∑ e, w e) - ∑ e, w e * ((leftAmp e + rightAmp e) / 2) = ∑ e, w e * (((M - leftAmp e) + (M - rightAmp e)) / 2)","All typed hypotheses are explicit in the signature; no hidden project axioms","Exact reusable finite weighted theorem; concrete Markov instantiation remains separate","Imported project modules and pinned Mathlib v4.29.0","PASS — clean project build, Lean 4.29.0"
"OBS.CoreBranch.weighted_endpointAverage_eq_iff","OBS/CoreBranch/FiniteWeighted.lean","50","theorem weighted_endpointAverage_eq_iff (w leftAmp rightAmp : E → ℝ) (M : ℝ) (hw : ∀ e, 0 ≤ w e) (hl : ∀ e, leftAmp e ≤ M) (hr : ∀ e, rightAmp e ≤ M) : (∑ e, w e * ((leftAmp e + rightAmp e) / 2) = M * ∑ e, w e) ↔ ∀ e, 0 < w e → leftAmp e = M ∧ rightAmp e = M","All typed hypotheses are explicit in the signature; no hidden project axioms","Exact reusable finite weighted theorem; concrete Markov instantiation remains separate","Imported project modules and pinned Mathlib v4.29.0","PASS — clean project build, Lean 4.29.0"
"OBS.CoreBranch.etaCur_ge_eta","OBS/CoreBranch/FiniteWeighted.lean","97","theorem etaCur_ge_eta {N C H M : ℝ} (hN : 0 ≤ N) (hH : 0 < H) (hM : 0 < M) (hHC : H ≤ M * C) : N / M ≤ N * C / H","All typed hypotheses are explicit in the signature; no hidden project axioms","Exact reusable finite weighted theorem; concrete Markov instantiation remains separate","Imported project modules and pinned Mathlib v4.29.0","PASS — clean project build, Lean 4.29.0"
"OBS.CoreBranch.etaCur_eq_eta_iff_H_eq_MC","OBS/CoreBranch/FiniteWeighted.lean","107","theorem etaCur_eq_eta_iff_H_eq_MC {N C H M : ℝ} (hN : 0 < N) (hH : 0 < H) (hM : 0 < M) : N * C / H = N / M ↔ H = M * C","All typed hypotheses are explicit in the signature; no hidden project axioms","Exact reusable finite weighted theorem; concrete Markov instantiation remains separate","Imported project modules and pinned Mathlib v4.29.0","PASS — clean project build, Lean 4.29.0"
"OBS.CoreBranch.current_swap","OBS/CoreBranch/MarkovData.lean","47","@[simp] theorem current_swap (i j : I) : M.current j i = -M.current i j","All typed hypotheses are explicit in the signature; no hidden project axioms","Reusable exact theorem","Imported project modules and pinned Mathlib v4.29.0","PASS — clean project build, Lean 4.29.0"
"OBS.CoreBranch.traffic_swap","OBS/CoreBranch/MarkovData.lean","50","@[simp] theorem traffic_swap (i j : I) : M.traffic j i = M.traffic i j","All typed hypotheses are explicit in the signature; no hidden project axioms","Reusable exact theorem","Imported project modules and pinned Mathlib v4.29.0","PASS — clean project build, Lean 4.29.0"
"OBS.CoreBranch.flow_nonneg","OBS/CoreBranch/MarkovData.lean","54","theorem flow_nonneg (i j : I) : 0 ≤ M.flow i j := mul_nonneg (M.pi_pos i).le (M.rate_nonneg i j) theorem traffic_nonneg (i j : I) : 0 ≤ M.traffic i j := add_nonneg (M.flow_nonneg i j) (M.flow_nonneg j i) /-- The stored stationary equation is exactly incoming/outgoing flow balance. -/ theorem flow_stationary (i : I) : ∑ j, M.flow i j = ∑ j, M.flow j i","All typed hypotheses are explicit in the signature; no hidden project axioms","Reusable exact theorem","Imported project modules and pinned Mathlib v4.29.0","PASS — clean project build, Lean 4.29.0"
"OBS.CoreBranch.traffic_pos_of_current_ne_zero","OBS/CoreBranch/MarkovData.lean","69","theorem traffic_pos_of_current_ne_zero {i j : I} (hcurrent : M.current i j ≠ 0) : 0 < M.traffic i j","All typed hypotheses are explicit in the signature; no hidden project axioms","Reusable exact theorem","Imported project modules and pinned Mathlib v4.29.0","PASS — clean project build, Lean 4.29.0"
"OBS.CoreBranch.weightedRealMode_of_backward_eigen_equations","OBS/CoreBranch/MarkovData.lean","87","theorem weightedRealMode_of_backward_eigen_equations (x y : I → ℝ) (a b : ℝ) (hreal : ∀ i, M.backwardAction x i = -a * x i - b * y i) (himag : ∀ i, M.backwardAction y i = b * x i - a * y i) : WeightedRealMode M.flow M.pi x y a b","All typed hypotheses are explicit in the signature; no hidden project axioms","Reusable exact theorem","Imported project modules and pinned Mathlib v4.29.0","PASS — clean project build, Lean 4.29.0"
"OBS.CoreBranch.modeNorm_pos_of_exists_coordinate_ne_zero","OBS/CoreBranch/MarkovData.lean","115","theorem modeNorm_pos_of_exists_coordinate_ne_zero (x y : I → ℝ) (hne : ∃ i, x i ≠ 0 ∨ y i ≠ 0) : 0 < modeNorm M.pi x y","All typed hypotheses are explicit in the signature; no hidden project axioms","Reusable exact theorem","Imported project modules and pinned Mathlib v4.29.0","PASS — clean project build, Lean 4.29.0"
"OBS.CoreBranch.phaseCoupling_sq_lt_DH_of_cauchy","OBS/CoreBranch/PhaseCouplingAssembly.lean","19","theorem phaseCoupling_sq_lt_DH_of_cauchy (B D K H : ℝ) (f g : E → ℝ) (hBne : B ≠ 0) (hB : B = ∑ e, f e * g e) (hD : D = ∑ e, f e ^ 2) (hK : K = ∑ e, g e ^ 2) (hKH : K < H) : B ^ 2 < D * H","All typed hypotheses are explicit in the signature; no hidden project axioms","Exact implication from explicitly displayed bridge hypotheses","Imported project modules and pinned Mathlib v4.29.0","PASS — clean project build, Lean 4.29.0"
"OBS.CoreBranch.H_sub_K_identity","OBS/CoreBranch/PhaseDeficit.lean","18","theorem H_sub_K_identity (coeff leftSq rightSq sumSq diffSq : E → ℝ) (hpar : ∀ e, sumSq e + diffSq e = 2 * (leftSq e + rightSq e)) : (∑ e, coeff e / 2 * (leftSq e + rightSq e)) - ∑ e, coeff e / 4 * sumSq e = ∑ e, coeff e / 4 * diffSq e","All typed hypotheses are explicit in the signature; no hidden project axioms","Exact reusable finite weighted theorem; concrete Markov instantiation remains separate","Imported project modules and pinned Mathlib v4.29.0","PASS — clean project build, Lean 4.29.0"
"OBS.CoreBranch.K_le_H_of_parallelogram","OBS/CoreBranch/PhaseDeficit.lean","36","theorem K_le_H_of_parallelogram (coeff leftSq rightSq sumSq diffSq : E → ℝ) (hcoeff : ∀ e, 0 ≤ coeff e) (hdiff : ∀ e, 0 ≤ diffSq e) (hpar : ∀ e, sumSq e + diffSq e = 2 * (leftSq e + rightSq e)) : ∑ e, coeff e / 4 * sumSq e ≤ ∑ e, coeff e / 2 * (leftSq e + rightSq e)","All typed hypotheses are explicit in the signature; no hidden project axioms","Exact reusable finite weighted theorem; concrete Markov instantiation remains separate","Imported project modules and pinned Mathlib v4.29.0","PASS — clean project build, Lean 4.29.0"
"OBS.CoreBranch.K_lt_H_of_exists_positive_deficit","OBS/CoreBranch/PhaseDeficit.lean","50","theorem K_lt_H_of_exists_positive_deficit (coeff leftSq rightSq sumSq diffSq : E → ℝ) (hcoeff : ∀ e, 0 ≤ coeff e) (hdiff : ∀ e, 0 ≤ diffSq e) (hpar : ∀ e, sumSq e + diffSq e = 2 * (leftSq e + rightSq e)) (hex : ∃ e, 0 < coeff e ∧ 0 < diffSq e) : ∑ e, coeff e / 4 * sumSq e < ∑ e, coeff e / 2 * (leftSq e + rightSq e)","All typed hypotheses are explicit in the signature; no hidden project axioms","Exact reusable finite weighted theorem; concrete Markov instantiation remains separate","Imported project modules and pinned Mathlib v4.29.0","PASS — clean project build, Lean 4.29.0"
"OBS.CoreBranch.currentWeighted_threeFactor","OBS/CoreBranch/PublicCore.lean","27","theorem currentWeighted_threeFactor (flow : I → I → ℝ) (pi x y : I → ℝ) (a b : ℝ) (sigma C H M K : ℝ) (f g : E → ℝ) (hstat : ∀ i, ∑ j, flow i j = ∑ j, flow j i) (hmode : WeightedRealMode flow pi x y a b) (hN : 0 < modeNorm pi x y) (hC : 0 < C) (hH : 0 < H) (hM : 0 < M) (hb : b ≠ 0) (hthermo : 2 * C < sigma) (hBrep : modeB flow x y = ∑ e, f e * g e) (hDrep : modeD flow x y = ∑ e, f e ^ 2) (hKrep : K = ∑ e, g e ^ 2) (hKH : K < H) (hlocal : H ≤ M * C) : sigma * a / b ^ 2 = (sigma / (2 * C)) * (modeD flow x y * H / modeB flow x y ^ 2) * (modeNorm pi x y * C / H) ∧ 1 < sigma / (2 * C) ∧ 1 < modeD flow x y * H / modeB flow x y ^ 2 ∧ modeNorm pi x y / M ≤ modeNorm pi x y * C / H ∧ modeNorm pi x y * C / H < sigma * a / b ^ 2","All typed hypotheses are explicit in the signature; no hidden project axioms","Exact implication from explicitly displayed bridge hypotheses","Imported project modules and pinned Mathlib v4.29.0","PASS — clean project build, Lean 4.29.0"
"OBS.CoreBranch.currentWeighted_threeFactor_of_phaseData","OBS/CoreBranch/PublicCore.lean","62","theorem currentWeighted_threeFactor_of_phaseData (flow : I → I → ℝ) (pi x y : I → ℝ) (a b : ℝ) (sigma C H M K : ℝ) (f g : E → ℝ) (coeff leftSq rightSq sumSq diffSq : E → ℝ) (hstat : ∀ i, ∑ j, flow i j = ∑ j, flow j i) (hmode : WeightedRealMode flow pi x y a b) (hN : 0 < modeNorm pi x y) (hC : 0 < C) (hH : 0 < H) (hM : 0 < M) (hb : b ≠ 0) (hthermo : 2 * C < sigma) (hBrep : modeB flow x y = ∑ e, f e * g e) (hDrep : modeD flow x y = ∑ e, f e ^ 2) (hKrep : K = ∑ e, g e ^ 2) (hcoeff : ∀ e, 0 ≤ coeff e) (hdiff : ∀ e, 0 ≤ diffSq e) (hpar : ∀ e, sumSq e + diffSq e = 2 * (leftSq e + rightSq e)) (hex : ∃ e, 0 < coeff e ∧ 0 < diffSq e) (hKphase : K = ∑ e, coeff e / 4 * sumSq e) (hHphase : H = ∑ e, coeff e / 2 * (leftSq e + rightSq e)) (hlocal : H ≤ M * C) : sigma * a / b ^ 2 = (sigma / (2 * C)) * (modeD flow x y * H / modeB flow x y ^ 2) * (modeNorm pi x y * C / H) ∧ 1 < sigma / (2 * C) ∧ 1 < modeD flow x y * H / modeB flow x y ^ 2 ∧ modeNorm pi x y / M ≤ modeNorm pi x y * C / H ∧ modeNorm pi x y * C / H < sigma * a / b ^ 2","All typed hypotheses are explicit in the signature; no hidden project axioms","Exact implication from explicitly displayed bridge hypotheses","Imported project modules and pinned Mathlib v4.29.0","PASS — clean project build, Lean 4.29.0"
"OBS.CoreBranch.rowMarkov_currentWeighted_threeFactor","OBS/CoreBranch/PublicCore.lean","101","theorem rowMarkov_currentWeighted_threeFactor (R : RowMarkovData I) (x y : I → ℝ) (a b : ℝ) (sigma C H M K : ℝ) (f g : E → ℝ) (hreal : ∀ i, R.backwardAction x i = -a * x i - b * y i) (himag : ∀ i, R.backwardAction y i = b * x i - a * y i) (hcoord : ∃ i, x i ≠ 0 ∨ y i ≠ 0) (hC : 0 < C) (hH : 0 < H) (hM : 0 < M) (hb : b ≠ 0) (hthermo : 2 * C < sigma) (hBrep : modeB R.flow x y = ∑ e, f e * g e) (hDrep : modeD R.flow x y = ∑ e, f e ^ 2) (hKrep : K = ∑ e, g e ^ 2) (hKH : K < H) (hlocal : H ≤ M * C) : sigma * a / b ^ 2 = (sigma / (2 * C)) * (modeD R.flow x y * H / modeB R.flow x y ^ 2) * (modeNorm R.pi x y * C / H) ∧ 1 < sigma / (2 * C) ∧ 1 < modeD R.flow x y * H / modeB R.flow x y ^ 2 ∧ modeNorm R.pi x y / M ≤ modeNorm R.pi x y * C / H ∧ modeNorm R.pi x y * C / H < sigma * a / b ^ 2","All typed hypotheses are explicit in the signature; no hidden project axioms","Exact implication from explicitly displayed bridge hypotheses","Imported project modules and pinned Mathlib v4.29.0","PASS — clean project build, Lean 4.29.0"
"OBS.CoreBranch.threeFactor_core","OBS/CoreBranch/ThreeFactorCore.lean","15","theorem threeFactor_core {sigma a b N D B C H M : ℝ} (hN : 0 < N) (hC : 0 < C) (hH : 0 < H) (hM : 0 < M) (hB : B ≠ 0) (hb : b ≠ 0) (haN : a * N = D / 2) (hbN : b * N = B) (hthermo : 2 * C < sigma) (hphase : B ^ 2 < D * H) (hlocal : H ≤ M * C) : sigma * a / b ^ 2 = (sigma / (2 * C)) * (D * H / B ^ 2) * (N * C / H) ∧ 1 < sigma / (2 * C) ∧ 1 < D * H / B ^ 2 ∧ N / M ≤ N * C / H ∧ N * C / H < sigma * a / b ^ 2","All typed hypotheses are explicit in the signature; no hidden project axioms","Exact implication from explicitly displayed bridge hypotheses","Imported project modules and pinned Mathlib v4.29.0","PASS — clean project build, Lean 4.29.0"
"OBS.CoreBranch.finite_sum_mul_sq_le","OBS/CoreBranch/WeightedCauchy.lean","18","theorem finite_sum_mul_sq_le (f g : E → ℝ) : (∑ e, f e * g e) ^ 2 ≤ (∑ e, f e ^ 2) * ∑ e, g e ^ 2","All typed hypotheses are explicit in the signature; no hidden project axioms","Exact reusable finite weighted theorem; concrete Markov instantiation remains separate","Imported project modules and pinned Mathlib v4.29.0","PASS — clean project build, Lean 4.29.0"
"OBS.CoreBranch.weighted_sum_mul_sq_le","OBS/CoreBranch/WeightedCauchy.lean","24","theorem weighted_sum_mul_sq_le (T u v : E → ℝ) (hT : ∀ e, 0 < T e) : (∑ e, u e * v e) ^ 2 ≤ (∑ e, T e * u e ^ 2) * ∑ e, v e ^ 2 / T e","All typed hypotheses are explicit in the signature; no hidden project axioms","Exact reusable finite weighted theorem; concrete Markov instantiation remains separate","Imported project modules and pinned Mathlib v4.29.0","PASS — clean project build, Lean 4.29.0"
"OBS.CoreBranch.weighted_phaseCoupling_sq_le_DK","OBS/CoreBranch/WeightedCauchy.lean","50","theorem weighted_phaseCoupling_sq_le_DK (B D K : ℝ) (T u v : E → ℝ) (hT : ∀ e, 0 < T e) (hB : B = ∑ e, u e * v e) (hD : D = ∑ e, T e * u e ^ 2) (hK : K = ∑ e, v e ^ 2 / T e) : B ^ 2 ≤ D * K","All typed hypotheses are explicit in the signature; no hidden project axioms","Exact reusable finite weighted theorem; concrete Markov instantiation remains separate","Imported project modules and pinned Mathlib v4.29.0","PASS — clean project build, Lean 4.29.0"
"OBS.CoreBranch.phaseCoupling_sq_le_DK","OBS/CoreBranch/WeightedCauchy.lean","60","theorem phaseCoupling_sq_le_DK (B D K : ℝ) (f g : E → ℝ) (hB : B = ∑ e, f e * g e) (hD : D = ∑ e, f e ^ 2) (hK : K = ∑ e, g e ^ 2) : B ^ 2 ≤ D * K","All typed hypotheses are explicit in the signature; no hidden project axioms","Exact reusable finite weighted theorem; concrete Markov instantiation remains separate","Imported project modules and pinned Mathlib v4.29.0","PASS — clean project build, Lean 4.29.0"
"OBS.CoreBranch.cauchy_norms_nonneg","OBS/CoreBranch/WeightedCauchy.lean","70","theorem cauchy_norms_nonneg (D K : ℝ) (f g : E → ℝ) (hD : D = ∑ e, f e ^ 2) (hK : K = ∑ e, g e ^ 2) : 0 ≤ D ∧ 0 ≤ K","All typed hypotheses are explicit in the signature; no hidden project axioms","Exact reusable finite weighted theorem; concrete Markov instantiation remains separate","Imported project modules and pinned Mathlib v4.29.0","PASS — clean project build, Lean 4.29.0"
"OBS.FullCompanion.generator_row_sum_zero","OBS/FullCompanion/LocalObstruction.lean","40","theorem generator_row_sum_zero (x : Context) : ∀ i, ∑ j, generator x i j = 0","All typed hypotheses are explicit in the signature; no hidden project axioms","Exact rational/algebraic finite-context theorem","Imported project modules and pinned Mathlib v4.29.0","PASS — clean project build, Lean 4.29.0"
"OBS.FullCompanion.right_uniform_stationary","OBS/FullCompanion/LocalObstruction.lean","46","theorem right_uniform_stationary : ∀ j, ∑ i, uniform i * generator rightContext i j = 0","All typed hypotheses are explicit in the signature; no hidden project axioms","Exact rational/algebraic finite-context theorem","Imported project modules and pinned Mathlib v4.29.0","PASS — clean project build, Lean 4.29.0"
"OBS.FullCompanion.left_uniform_stationary","OBS/FullCompanion/LocalObstruction.lean","52","theorem left_uniform_stationary : ∀ j, ∑ i, uniform i * generator leftContext i j = 0","All typed hypotheses are explicit in the signature; no hidden project axioms","Exact rational/algebraic finite-context theorem","Imported project modules and pinned Mathlib v4.29.0","PASS — clean project build, Lean 4.29.0"
"OBS.FullCompanion.right_uniform_is_stationary_law","OBS/FullCompanion/LocalObstruction.lean","57","theorem right_uniform_is_stationary_law : IsStationaryLaw (generator rightContext) uniform","All typed hypotheses are explicit in the signature; no hidden project axioms","Exact rational/algebraic finite-context theorem","Imported project modules and pinned Mathlib v4.29.0","PASS — clean project build, Lean 4.29.0"
"OBS.FullCompanion.left_uniform_is_stationary_law","OBS/FullCompanion/LocalObstruction.lean","64","theorem left_uniform_is_stationary_law : IsStationaryLaw (generator leftContext) uniform","All typed hypotheses are explicit in the signature; no hidden project axioms","Exact rational/algebraic finite-context theorem","Imported project modules and pinned Mathlib v4.29.0","PASS — clean project build, Lean 4.29.0"
"OBS.FullCompanion.right_generator_directly_irreducible","OBS/FullCompanion/LocalObstruction.lean","75","theorem right_generator_directly_irreducible : DirectlyIrreducible (generator rightContext)","All typed hypotheses are explicit in the signature; no hidden project axioms","Exact rational/algebraic finite-context theorem","Imported project modules and pinned Mathlib v4.29.0","PASS — clean project build, Lean 4.29.0"
"OBS.FullCompanion.left_generator_directly_irreducible","OBS/FullCompanion/LocalObstruction.lean","81","theorem left_generator_directly_irreducible : DirectlyIrreducible (generator leftContext)","All typed hypotheses are explicit in the signature; no hidden project axioms","Exact rational/algebraic finite-context theorem","Imported project modules and pinned Mathlib v4.29.0","PASS — clean project build, Lean 4.29.0"
"OBS.FullCompanion.right_is_irreducible_markov_generator","OBS/FullCompanion/LocalObstruction.lean","88","theorem right_is_irreducible_markov_generator : (∀ i, ∑ j, generator rightContext i j = 0) ∧ DirectlyIrreducible (generator rightContext) := ⟨generator_row_sum_zero rightContext, right_generator_directly_irreducible⟩ /-- Exact row-generator and one-step irreducibility certificate for `L`. -/ theorem left_is_irreducible_markov_generator : (∀ i, ∑ j, generator leftContext i j = 0) ∧ DirectlyIrreducible (generator leftContext) := ⟨generator_row_sum_zero leftContext, left_generator_directly_irreducible⟩ /-! ## Exact local invariant packet -/ structure LocalInvariants where p : ℚ q : ℚ alpha : ℚ piU : ℚ piV : ℚ forwardFlow : ℚ backwardFlow : ℚ current : ℚ traffic : ℚ affinityRatio : ℚ insertedMassNumerator : ℚ matchedP1 : ℚ matchedQ1OverS : ℚ matchedP2OverS : ℚ matchedQ2 : ℚ response00 : ℚ response01 : ℚ response10 : ℚ response11 : ℚ resistanceDefect : ℚ deriving DecidableEq /-- The packet is computed from the actual local entries of the context generator and the certified uniform invariant law. `affinityRatio = 2` is the exact argument of the real logarithm used for affinity. -/ def localInvariants (x : Context) : LocalInvariants := let p := generator x 0 1 let q := generator x 1 0 let alpha : ℚ := 1 / 2 let piU := uniform 0 let piV := uniform 1 let f := piU * p let g := piV * q { p := p q := q alpha := alpha piU := piU piV := piV forwardFlow := f backwardFlow := g current := f - g traffic := f + g affinityRatio := p / q insertedMassNumerator := piU * p / alpha + piV * q / (1 - alpha) matchedP1 := p / alpha matchedQ1OverS := 1 - alpha matchedP2OverS := alpha matchedQ2 := q / (1 - alpha) response00 := p response01 := -p response10 := -q response11 := q resistanceDefect := let T := f + g let J := f - g let T1 := (T + J * (1 - alpha)) / alpha let T2 := (T - J * alpha) / (1 - alpha) J ^ 2 / (T * T1 * T2) } theorem right_local_invariants_exact : localInvariants rightContext = { p := 2, q := 1, alpha := 1 / 2, piU := 1 / 3, piV := 1 / 3 forwardFlow := 2 / 3, backwardFlow := 1 / 3 current := 1 / 3, traffic := 1, affinityRatio := 2 insertedMassNumerator := 2","All typed hypotheses are explicit in the signature; no hidden project axioms","Exact rational/algebraic finite-context theorem","Imported project modules and pinned Mathlib v4.29.0","PASS — clean project build, Lean 4.29.0"
"OBS.FullCompanion.left_local_invariants_exact","OBS/FullCompanion/LocalObstruction.lean","175","theorem left_local_invariants_exact : localInvariants leftContext = { p := 2, q := 1, alpha := 1 / 2, piU := 1 / 3, piV := 1 / 3 forwardFlow := 2 / 3, backwardFlow := 1 / 3 current := 1 / 3, traffic := 1, affinityRatio := 2 insertedMassNumerator := 2 matchedP1 := 4, matchedQ1OverS := 1 / 2 matchedP2OverS := 1 / 2, matchedQ2 := 2 response00 := 2, response01 := -2, response10 := -1, response11 := 1 resistanceDefect := 1 / 35 }","All typed hypotheses are explicit in the signature; no hidden project axioms","Exact rational/algebraic finite-context theorem","Imported project modules and pinned Mathlib v4.29.0","PASS — clean project build, Lean 4.29.0"
"OBS.FullCompanion.same_local_invariants","OBS/FullCompanion/LocalObstruction.lean","187","theorem same_local_invariants : localInvariants rightContext = localInvariants leftContext","All typed hypotheses are explicit in the signature; no hidden project axioms","Exact rational/algebraic finite-context theorem","Imported project modules and pinned Mathlib v4.29.0","PASS — clean project build, Lean 4.29.0"
"OBS.FullCompanion.same_local_affinity","OBS/FullCompanion/LocalObstruction.lean","191","theorem same_local_affinity : Real.log (localInvariants rightContext).affinityRatio = Real.log (localInvariants leftContext).affinityRatio","All typed hypotheses are explicit in the signature; no hidden project axioms","Exact rational/algebraic finite-context theorem","Imported project modules and pinned Mathlib v4.29.0","PASS — clean project build, Lean 4.29.0"
"OBS.FullCompanion.right_local_affinity_exact","OBS/FullCompanion/LocalObstruction.lean","196","theorem right_local_affinity_exact : Real.log (localInvariants rightContext).affinityRatio = Real.log 2","All typed hypotheses are explicit in the signature; no hidden project axioms","Exact rational/algebraic finite-context theorem","Imported project modules and pinned Mathlib v4.29.0","PASS — clean project build, Lean 4.29.0"
"OBS.FullCompanion.left_local_affinity_exact","OBS/FullCompanion/LocalObstruction.lean","201","theorem left_local_affinity_exact : Real.log (localInvariants leftContext).affinityRatio = Real.log 2","All typed hypotheses are explicit in the signature; no hidden project axioms","Exact rational/algebraic finite-context theorem","Imported project modules and pinned Mathlib v4.29.0","PASS — clean project build, Lean 4.29.0"
"OBS.FullCompanion.same_inserted_mass_law","OBS/FullCompanion/LocalObstruction.lean","207","theorem same_inserted_mass_law (s : ℚ) (hs : 0 < s) : (localInvariants rightContext).insertedMassNumerator / s = 2 / s ∧ (localInvariants leftContext).insertedMassNumerator / s = 2 / s ∧ 0 < 2 / s","All typed hypotheses are explicit in the signature; no hidden project axioms","Exact rational/algebraic finite-context theorem","Imported project modules and pinned Mathlib v4.29.0","PASS — clean project build, Lean 4.29.0"
"OBS.FullCompanion.det3_eq_matrix_det","OBS/FullCompanion/LocalObstruction.lean","223","theorem det3_eq_matrix_det {R : Type*} [CommRing R] (m : Matrix (Fin 3) (Fin 3) R) : det3 m = Matrix.det m","All typed hypotheses are explicit in the signature; no hidden project axioms","Exact rational/algebraic finite-context theorem","Imported project modules and pinned Mathlib v4.29.0","PASS — clean project build, Lean 4.29.0"
"OBS.FullCompanion.evans_eq_matrix_det","OBS/FullCompanion/LocalObstruction.lean","234","theorem evans_eq_matrix_det (x : Context) (z : ℂ) : evans x z = Matrix.det (shifted x z) := det3_eq_matrix_det (shifted x z) /-- `dᵀ adj(zI-Q) c` for `c=(2,1,0)` and `d=(1,1,0)`, expanded exactly. -/ def updatePoly (x : Context) (z : ℂ) : ℂ := let m := shifted x z 2 * (m 1 1 * m 2 2 - m 1 2 * m 2 1) - (m 0 1 * m 2 2 - m 0 2 * m 2 1) - 2 * (m 1 0 * m 2 2 - m 1 2 * m 2 0) + (m 0 0 * m 2 2 - m 0 2 * m 2 0) def updateC : Fin 3 → ℂ := ![2, 1, 0] def updateD : Fin 3 → ℂ := ![1, 1, 0] /-- The expanded update polynomial really is `dᵀ adj(zI-Q) c`. -/ theorem updatePoly_eq_adjugate_pairing (x : Context) (z : ℂ) : updatePoly x z = dotProduct updateD ((Matrix.adjugate (shifted x z)).mulVec updateC)","All typed hypotheses are explicit in the signature; no hidden project axioms","Exact rational/algebraic finite-context theorem","Imported project modules and pinned Mathlib v4.29.0","PASS — clean project build, Lean 4.29.0"
"OBS.FullCompanion.right_evans_polynomial","OBS/FullCompanion/LocalObstruction.lean","257","theorem right_evans_polynomial (z : ℂ) : evans rightContext z = z * (z ^ 2 + 9 * z + 21)","All typed hypotheses are explicit in the signature; no hidden project axioms","Exact rational/algebraic finite-context theorem","Imported project modules and pinned Mathlib v4.29.0","PASS — clean project build, Lean 4.29.0"
"OBS.FullCompanion.left_evans_polynomial","OBS/FullCompanion/LocalObstruction.lean","262","theorem left_evans_polynomial (z : ℂ) : evans leftContext z = z * (z + 5) * (z + 6)","All typed hypotheses are explicit in the signature; no hidden project axioms","Exact rational/algebraic finite-context theorem","Imported project modules and pinned Mathlib v4.29.0","PASS — clean project build, Lean 4.29.0"
"OBS.FullCompanion.right_update_polynomial","OBS/FullCompanion/LocalObstruction.lean","267","theorem right_update_polynomial (z : ℂ) : updatePoly rightContext z = 3 * z ^ 2 + 22 * z + 42","All typed hypotheses are explicit in the signature; no hidden project axioms","Exact rational/algebraic finite-context theorem","Imported project modules and pinned Mathlib v4.29.0","PASS — clean project build, Lean 4.29.0"
"OBS.FullCompanion.left_update_polynomial","OBS/FullCompanion/LocalObstruction.lean","272","theorem left_update_polynomial (z : ℂ) : updatePoly leftContext z = 3 * z ^ 2 + 26 * z + 60","All typed hypotheses are explicit in the signature; no hidden project axioms","Exact rational/algebraic finite-context theorem","Imported project modules and pinned Mathlib v4.29.0","PASS — clean project build, Lean 4.29.0"
"OBS.FullCompanion.iSqrtThree_sq","OBS/FullCompanion/LocalObstruction.lean","281","theorem iSqrtThree_sq : iSqrtThree ^ 2 = -3","All typed hypotheses are explicit in the signature; no hidden project axioms","Exact rational/algebraic finite-context theorem","Imported project modules and pinned Mathlib v4.29.0","PASS — clean project build, Lean 4.29.0"
"OBS.FullCompanion.iSqrtThree_re","OBS/FullCompanion/LocalObstruction.lean","293","theorem iSqrtThree_re : iSqrtThree.re = 0","All typed hypotheses are explicit in the signature; no hidden project axioms","Exact rational/algebraic finite-context theorem","Imported project modules and pinned Mathlib v4.29.0","PASS — clean project build, Lean 4.29.0"
"OBS.FullCompanion.rightRoot_quadratic","OBS/FullCompanion/LocalObstruction.lean","302","theorem rightRoot_quadratic : rightRoot ^ 2 + 9 * rightRoot + 21 = 0","All typed hypotheses are explicit in the signature; no hidden project axioms","Exact rational/algebraic finite-context theorem","Imported project modules and pinned Mathlib v4.29.0","PASS — clean project build, Lean 4.29.0"
"OBS.FullCompanion.right_root_exact","OBS/FullCompanion/LocalObstruction.lean","307","theorem right_root_exact : evans rightContext rightRoot = 0","All typed hypotheses are explicit in the signature; no hidden project axioms","Exact rational/algebraic finite-context theorem","Imported project modules and pinned Mathlib v4.29.0","PASS — clean project build, Lean 4.29.0"
"OBS.FullCompanion.rightEvansPrime_at_root","OBS/FullCompanion/LocalObstruction.lean","312","theorem rightEvansPrime_at_root : rightEvansPrime rightRoot = (-3 - 9 * iSqrtThree) / 2","All typed hypotheses are explicit in the signature; no hidden project axioms","Exact rational/algebraic finite-context theorem","Imported project modules and pinned Mathlib v4.29.0","PASS — clean project build, Lean 4.29.0"
"OBS.FullCompanion.right_root_simple","OBS/FullCompanion/LocalObstruction.lean","321","theorem right_root_simple : rightEvansPrime rightRoot ≠ 0","All typed hypotheses are explicit in the signature; no hidden project axioms","Exact rational/algebraic finite-context theorem","Imported project modules and pinned Mathlib v4.29.0","PASS — clean project build, Lean 4.29.0"
"OBS.FullCompanion.right_motion_linearized","OBS/FullCompanion/LocalObstruction.lean","328","theorem right_motion_linearized : rightEvansPrime rightRoot * rightMotion + rightRoot * updatePoly rightContext rightRoot = 0","All typed hypotheses are explicit in the signature; no hidden project axioms","Exact rational/algebraic finite-context theorem","Imported project modules and pinned Mathlib v4.29.0","PASS — clean project build, Lean 4.29.0"
"OBS.FullCompanion.right_motion_quotient","OBS/FullCompanion/LocalObstruction.lean","343","theorem right_motion_quotient : rightMotion = -(rightRoot * updatePoly rightContext rightRoot) / rightEvansPrime rightRoot","All typed hypotheses are explicit in the signature; no hidden project axioms","Exact rational/algebraic finite-context theorem","Imported project modules and pinned Mathlib v4.29.0","PASS — clean project build, Lean 4.29.0"
"OBS.FullCompanion.right_motion_real","OBS/FullCompanion/LocalObstruction.lean","353","theorem right_motion_real : rightMotion.re = 5 / 2","All typed hypotheses are explicit in the signature; no hidden project axioms","Exact rational/algebraic finite-context theorem","Imported project modules and pinned Mathlib v4.29.0","PASS — clean project build, Lean 4.29.0"
"OBS.FullCompanion.right_motion_positive","OBS/FullCompanion/LocalObstruction.lean","356","theorem right_motion_positive : 0 < rightMotion.re","All typed hypotheses are explicit in the signature; no hidden project axioms","Exact rational/algebraic finite-context theorem","Imported project modules and pinned Mathlib v4.29.0","PASS — clean project build, Lean 4.29.0"
"OBS.FullCompanion.left_root_five_exact","OBS/FullCompanion/LocalObstruction.lean","360","theorem left_root_five_exact : evans leftContext (-5) = 0","All typed hypotheses are explicit in the signature; no hidden project axioms","Exact rational/algebraic finite-context theorem","Imported project modules and pinned Mathlib v4.29.0","PASS — clean project build, Lean 4.29.0"
"OBS.FullCompanion.left_root_six_exact","OBS/FullCompanion/LocalObstruction.lean","364","theorem left_root_six_exact : evans leftContext (-6) = 0","All typed hypotheses are explicit in the signature; no hidden project axioms","Exact rational/algebraic finite-context theorem","Imported project modules and pinned Mathlib v4.29.0","PASS — clean project build, Lean 4.29.0"
"OBS.FullCompanion.left_root_five_simple","OBS/FullCompanion/LocalObstruction.lean","368","theorem left_root_five_simple : leftEvansPrime (-5) ≠ 0","All typed hypotheses are explicit in the signature; no hidden project axioms","Exact rational/algebraic finite-context theorem","Imported project modules and pinned Mathlib v4.29.0","PASS — clean project build, Lean 4.29.0"
"OBS.FullCompanion.left_root_six_simple","OBS/FullCompanion/LocalObstruction.lean","371","theorem left_root_six_simple : leftEvansPrime (-6) ≠ 0","All typed hypotheses are explicit in the signature; no hidden project axioms","Exact rational/algebraic finite-context theorem","Imported project modules and pinned Mathlib v4.29.0","PASS — clean project build, Lean 4.29.0"
"OBS.FullCompanion.left_motion_five_linearized","OBS/FullCompanion/LocalObstruction.lean","374","theorem left_motion_five_linearized : leftEvansPrime (-5) * (-5) + (-5) * updatePoly leftContext (-5) = 0","All typed hypotheses are explicit in the signature; no hidden project axioms","Exact rational/algebraic finite-context theorem","Imported project modules and pinned Mathlib v4.29.0","PASS — clean project build, Lean 4.29.0"
"OBS.FullCompanion.left_motion_five_quotient","OBS/FullCompanion/LocalObstruction.lean","380","theorem left_motion_five_quotient : (-5 : ℂ) = -((-5) * updatePoly leftContext (-5)) / leftEvansPrime (-5)","All typed hypotheses are explicit in the signature; no hidden project axioms","Exact rational/algebraic finite-context theorem","Imported project modules and pinned Mathlib v4.29.0","PASS — clean project build, Lean 4.29.0"
"OBS.FullCompanion.left_motion_five_negative","OBS/FullCompanion/LocalObstruction.lean","390","theorem left_motion_five_negative : ((-5 : ℂ).re) < 0","All typed hypotheses are explicit in the signature; no hidden project axioms","Exact rational/algebraic finite-context theorem","Imported project modules and pinned Mathlib v4.29.0","PASS — clean project build, Lean 4.29.0"
"OBS.FullCompanion.left_motion_six_linearized","OBS/FullCompanion/LocalObstruction.lean","392","theorem left_motion_six_linearized : leftEvansPrime (-6) * 12 + (-6) * updatePoly leftContext (-6) = 0","All typed hypotheses are explicit in the signature; no hidden project axioms","Exact rational/algebraic finite-context theorem","Imported project modules and pinned Mathlib v4.29.0","PASS — clean project build, Lean 4.29.0"
"OBS.FullCompanion.left_motion_six_quotient","OBS/FullCompanion/LocalObstruction.lean","398","theorem left_motion_six_quotient : (12 : ℂ) = -((-6) * updatePoly leftContext (-6)) / leftEvansPrime (-6)","All typed hypotheses are explicit in the signature; no hidden project axioms","Exact rational/algebraic finite-context theorem","Imported project modules and pinned Mathlib v4.29.0","PASS — clean project build, Lean 4.29.0"
"OBS.FullCompanion.exists_same_local_data_opposite_motion","OBS/FullCompanion/LocalObstruction.lean","413","theorem exists_same_local_data_opposite_motion : ∃ (r l : Context) (zr zl dr dl : ℂ), DirectlyIrreducible (generator r) ∧ DirectlyIrreducible (generator l) ∧ IsStationaryLaw (generator r) uniform ∧ IsStationaryLaw (generator l) uniform ∧ localInvariants r = localInvariants l ∧ evans r zr = 0 ∧ evans l zl = 0 ∧ rightEvansPrime zr ≠ 0 ∧ leftEvansPrime zl ≠ 0 ∧ rightEvansPrime zr * dr + zr * updatePoly r zr = 0 ∧ leftEvansPrime zl * dl + zl * updatePoly l zl = 0 ∧ 0 < dr.re ∧ dl.re < 0","All typed hypotheses are explicit in the signature; no hidden project axioms","Exact rational/algebraic finite-context theorem","Imported project modules and pinned Mathlib v4.29.0","PASS — clean project build, Lean 4.29.0"
"OBS.FullCompanion.susceptibility_of_linearized","OBS/FullCompanion/Susceptibility.lean","40","theorem susceptibility_of_linearized (eps z yTc dTx den dz : K) (hden : den ≠ 0) (hlinearized : den * dz + epsNumerator eps z yTc dTx = 0) : dz = -epsNumerator eps z yTc dTx / den","All typed hypotheses are explicit in the signature; no hidden project axioms","Exact scalar susceptibility algebra; differentiated root equation supplied","Imported project modules and pinned Mathlib v4.29.0","PASS — clean project build, Lean 4.29.0"
"OBS.FullCompanion.susceptibility_at_contraction","OBS/FullCompanion/Susceptibility.lean","49","theorem susceptibility_at_contraction (z yTc dTx den dz : K) (hden : den ≠ 0) (hlinearized : den * dz + z * yTc * dTx = 0) : dz = -(z * yTc * dTx) / den","All typed hypotheses are explicit in the signature; no hidden project axioms","Exact scalar susceptibility algebra; differentiated root equation supplied","Imported project modules and pinned Mathlib v4.29.0","PASS — clean project build, Lean 4.29.0"
"OBS.FullCompanion.susceptibility_in_escape_rate","OBS/FullCompanion/Susceptibility.lean","58","theorem susceptibility_in_escape_rate (s z yTc dTx den dz : K) (hden : den ≠ 0) (hlinearized : den * dz - z / (z + s) ^ 2 * yTc * dTx = 0) : dz = (z / (z + s) ^ 2 * yTc * dTx) / den","All typed hypotheses are explicit in the signature; no hidden project axioms","Exact scalar susceptibility algebra; differentiated root equation supplied","Imported project modules and pinned Mathlib v4.29.0","PASS — clean project build, Lean 4.29.0"
"OBS.FullCompanion.relative_susceptibility","OBS/FullCompanion/Susceptibility.lean","67","theorem relative_susceptibility (zRot zRel chiRot chiRel : K) (hRot : zRot = chiRot) (hRel : zRel = chiRel) : zRot - zRel = chiRot - chiRel","All typed hypotheses are explicit in the signature; no hidden project axioms","Exact scalar susceptibility algebra; differentiated root equation supplied","Imported project modules and pinned Mathlib v4.29.0","PASS — clean project build, Lean 4.29.0"
"OBS.MatchedSubdivision.add_a00","OBS/MatchedSubdivision/Basic.lean","34","@[simp] theorem add_a00 (A B : Mat2) : (add A B).a00 = A.a00 + B.a00 := rfl @[simp] theorem add_a01 (A B : Mat2) : (add A B).a01 = A.a01 + B.a01 := rfl @[simp] theorem add_a10 (A B : Mat2) : (add A B).a10 = A.a10 + B.a10 := rfl @[simp] theorem add_a11 (A B : Mat2) : (add A B).a11 = A.a11 + B.a11 := rfl @[simp] theorem sub_a00 (A B : Mat2) : (sub A B).a00 = A.a00 - B.a00 := rfl @[simp] theorem sub_a01 (A B : Mat2) : (sub A B).a01 = A.a01 - B.a01 := rfl @[simp] theorem sub_a10 (A B : Mat2) : (sub A B).a10 = A.a10 - B.a10 := rfl @[simp] theorem sub_a11 (A B : Mat2) : (sub A B).a11 = A.a11 - B.a11 := rfl @[simp] theorem scale_a00 (c : ℝ) (A : Mat2) : (scale c A).a00 = c * A.a00 := rfl @[simp] theorem scale_a01 (c : ℝ) (A : Mat2) : (scale c A).a01 = c * A.a01 := rfl @[simp] theorem scale_a10 (c : ℝ) (A : Mat2) : (scale c A).a10 = c * A.a10 := rfl @[simp] theorem scale_a11 (c : ℝ) (A : Mat2) : (scale c A).a11 = c * A.a11 := rfl end Mat2 /-- The contracted bidirectional edge contribution in the `zI - Q` convention. -/ def edgeResponse (p q : ℝ) : Mat2 := ⟨p, -p, -q, q⟩ /-- Schur response obtained after eliminating the inserted degree-two state. -/ def subdivisionResponse (z p₁ q₁ p₂ q₂ s : ℝ) : Mat2 := ⟨p₁ * (z + p₂) / (z + s), -(p₁ * p₂) / (z + s), -(q₁ * q₂) / (z + s), q₂ * (z + q₁) / (z + s)⟩ /-- The scalar equations equivalent to equality of the zero-frequency responses. -/ def ZeroFrequencyMatch (p q p₁ q₁ p₂ q₂ s : ℝ) : Prop := q₁ + p₂ = s ∧ p₁ * p₂ / s = p ∧ q₁ * q₂ / s = q /-- With `s = q₁ + p₂`, the scalar matching equations are exactly matrix DC equality. -/ theorem zeroFrequencyMatch_iff_response_eq {p q p₁ q₁ p₂ q₂ s : ℝ} (hsum : q₁ + p₂ = s) : ZeroFrequencyMatch p q p₁ q₁ p₂ q₂ s ↔ subdivisionResponse 0 p₁ q₁ p₂ q₂ s = edgeResponse p q","All typed hypotheses are explicit in the signature; no hidden project axioms","Exact matched-subdivision identity in the stated positive/nonzero domain","Imported project modules and pinned Mathlib v4.29.0","PASS — clean project build, Lean 4.29.0"
"OBS.MatchedSubdivision.parametrized_zeroFrequencyMatch","OBS/MatchedSubdivision/Basic.lean","95","theorem parametrized_zeroFrequencyMatch {p q s α : ℝ} (hs : s ≠ 0) (hα0 : α ≠ 0) (hα1 : 1 - α ≠ 0) : ZeroFrequencyMatch p q (p / α) ((1 - α) * s) (α * s) (q / (1 - α)) s","All typed hypotheses are explicit in the signature; no hidden project axioms","Exact matched-subdivision identity in the stated positive/nonzero domain","Imported project modules and pinned Mathlib v4.29.0","PASS — clean project build, Lean 4.29.0"
"OBS.MatchedSubdivision.zeroMatch_iff_parametrized","OBS/MatchedSubdivision/Basic.lean","110","theorem zeroMatch_iff_parametrized {p q p₁ q₁ p₂ q₂ s : ℝ} (hp₁ : 0 < p₁) (hq₁ : 0 < q₁) (hp₂ : 0 < p₂) (hq₂ : 0 < q₂) (hs : 0 < s) : ZeroFrequencyMatch p q p₁ q₁ p₂ q₂ s ↔ ∃! α : ℝ, 0 < α ∧ α < 1 ∧ p₁ = p / α ∧ q₁ = (1 - α) * s ∧ p₂ = α * s ∧ q₂ = q / (1 - α)","All typed hypotheses are explicit in the signature; no hidden project axioms","Exact matched-subdivision identity in the stated positive/nonzero domain","Imported project modules and pinned Mathlib v4.29.0","PASS — clean project build, Lean 4.29.0"
"OBS.MatchedSubdivision.zeroMatch_alpha_complement","OBS/MatchedSubdivision/Basic.lean","153","theorem zeroMatch_alpha_complement {q₁ p₂ s : ℝ} (hs : s ≠ 0) (h : q₁ + p₂ = s) : 1 - p₂ / s = q₁ / s","All typed hypotheses are explicit in the signature; no hidden project axioms","Exact matched-subdivision identity in the stated positive/nonzero domain","Imported project modules and pinned Mathlib v4.29.0","PASS — clean project build, Lean 4.29.0"
"OBS.MatchedSubdivision.subdivision_traffic_first","OBS/MatchedSubdivision/Resistance.lean","14","theorem subdivision_traffic_first {πu πv p q α s : ℝ} (hs : s ≠ 0) (hα0 : α ≠ 0) (hα1 : 1 - α ≠ 0) : πu * (p / α) + insertedMass πu πv p q α s * ((1 - α) * s) = traffic1 (πu * p + πv * q) (stationaryCurrent πu πv p q) α","All typed hypotheses are explicit in the signature; no hidden project axioms","Exact matched-subdivision identity in the stated positive/nonzero domain","Imported project modules and pinned Mathlib v4.29.0","PASS — clean project build, Lean 4.29.0"
"OBS.MatchedSubdivision.subdivision_traffic_second","OBS/MatchedSubdivision/Resistance.lean","24","theorem subdivision_traffic_second {πu πv p q α s : ℝ} (hs : s ≠ 0) (hα0 : α ≠ 0) (hα1 : 1 - α ≠ 0) : insertedMass πu πv p q α s * (α * s) + πv * (q / (1 - α)) = traffic2 (πu * p + πv * q) (stationaryCurrent πu πv p q) α","All typed hypotheses are explicit in the signature; no hidden project axioms","Exact matched-subdivision identity in the stated positive/nonzero domain","Imported project modules and pinned Mathlib v4.29.0","PASS — clean project build, Lean 4.29.0"
"OBS.MatchedSubdivision.traffic1_pos","OBS/MatchedSubdivision/Resistance.lean","34","theorem traffic1_pos {f g α : ℝ} (hf : 0 < f) (hg : 0 < g) (hα0 : 0 < α) (hαlt : α < 1) : 0 < traffic1 (f + g) (f - g) α","All typed hypotheses are explicit in the signature; no hidden project axioms","Exact matched-subdivision identity in the stated positive/nonzero domain","Imported project modules and pinned Mathlib v4.29.0","PASS — clean project build, Lean 4.29.0"
"OBS.MatchedSubdivision.traffic2_pos","OBS/MatchedSubdivision/Resistance.lean","45","theorem traffic2_pos {f g α : ℝ} (hf : 0 < f) (hg : 0 < g) (hα0 : 0 < α) (hαlt : α < 1) : 0 < traffic2 (f + g) (f - g) α","All typed hypotheses are explicit in the signature; no hidden project axioms","Exact matched-subdivision identity in the stated positive/nonzero domain","Imported project modules and pinned Mathlib v4.29.0","PASS — clean project build, Lean 4.29.0"
"OBS.MatchedSubdivision.subdivision_resistance_defect","OBS/MatchedSubdivision/Resistance.lean","58","theorem subdivision_resistance_defect {T J α : ℝ} (hT : T ≠ 0) (hT1 : traffic1 T J α ≠ 0) (hT2 : traffic2 T J α ≠ 0) : 1 / traffic1 T J α + 1 / traffic2 T J α - 1 / T = J ^ 2 / (T * traffic1 T J α * traffic2 T J α)","All typed hypotheses are explicit in the signature; no hidden project axioms","Exact matched-subdivision identity in the stated positive/nonzero domain","Imported project modules and pinned Mathlib v4.29.0","PASS — clean project build, Lean 4.29.0"
"OBS.MatchedSubdivision.subdivision_resistance_strict","OBS/MatchedSubdivision/Resistance.lean","76","theorem subdivision_resistance_strict {f g α : ℝ} (hf : 0 < f) (hg : 0 < g) (hα0 : 0 < α) (hαlt : α < 1) (hJ : f - g ≠ 0) : 1 / (f + g) < 1 / traffic1 (f + g) (f - g) α + 1 / traffic2 (f + g) (f - g) α","All typed hypotheses are explicit in the signature; no hidden project axioms","Exact matched-subdivision identity in the stated positive/nonzero domain","Imported project modules and pinned Mathlib v4.29.0","PASS — clean project build, Lean 4.29.0"
"OBS.MatchedSubdivision.subdivision_resistance_eq_iff_current_zero","OBS/MatchedSubdivision/Resistance.lean","97","theorem subdivision_resistance_eq_iff_current_zero {f g α : ℝ} (hf : 0 < f) (hg : 0 < g) (hα0 : 0 < α) (hαlt : α < 1) : 1 / traffic1 (f + g) (f - g) α + 1 / traffic2 (f + g) (f - g) α = 1 / (f + g) ↔ f - g = 0","All typed hypotheses are explicit in the signature; no hidden project axioms","Exact matched-subdivision identity in the stated positive/nonzero domain","Imported project modules and pinned Mathlib v4.29.0","PASS — clean project build, Lean 4.29.0"
"OBS.MatchedSubdivision.residue_outerProduct","OBS/MatchedSubdivision/Response.lean","30","theorem residue_outerProduct {p q α : ℝ} (hα0 : α ≠ 0) (hα1 : 1 - α ≠ 0) : residue p q α = outer (residueColumn p q α) (residueRow α)","All typed hypotheses are explicit in the signature; no hidden project axioms","Exact matched-subdivision identity in the stated positive/nonzero domain","Imported project modules and pinned Mathlib v4.29.0","PASS — clean project build, Lean 4.29.0"
"OBS.MatchedSubdivision.residue_constructiveRankOne","OBS/MatchedSubdivision/Response.lean","36","theorem residue_constructiveRankOne {p q α : ℝ} (hp : 0 < p) (hα0 : α ≠ 0) (hα1 : 1 - α ≠ 0) : ConstructiveRankOne (residue p q α)","All typed hypotheses are explicit in the signature; no hidden project axioms","Explicit nonzero outer-product factors rather than Matrix.rank API","Imported project modules and pinned Mathlib v4.29.0","PASS — clean project build, Lean 4.29.0"
"OBS.MatchedSubdivision.residue_ne_zero","OBS/MatchedSubdivision/Response.lean","49","theorem residue_ne_zero {p q α : ℝ} (hp : 0 < p) : residue p q α ≠ ⟨0, 0, 0, 0⟩","All typed hypotheses are explicit in the signature; no hidden project axioms","Exact matched-subdivision identity in the stated positive/nonzero domain","Imported project modules and pinned Mathlib v4.29.0","PASS — clean project build, Lean 4.29.0"
"OBS.MatchedSubdivision.subdivision_response_difference","OBS/MatchedSubdivision/Response.lean","62","theorem subdivision_response_difference {z p q s α : ℝ} (hzs : z + s ≠ 0) (hα0 : α ≠ 0) (hα1 : 1 - α ≠ 0) : subdivisionResponse z (p / α) ((1 - α) * s) (α * s) (q / (1 - α)) s = Mat2.add (edgeResponse p q) (defectResponse z s p q α)","All typed hypotheses are explicit in the signature; no hidden project axioms","Exact matched-subdivision identity in the stated positive/nonzero domain","Imported project modules and pinned Mathlib v4.29.0","PASS — clean project build, Lean 4.29.0"
"OBS.MatchedSubdivision.defectResponse_zero","OBS/MatchedSubdivision/Response.lean","73","@[simp] theorem defectResponse_zero (s p q α : ℝ) : defectResponse 0 s p q α = ⟨0, 0, 0, 0⟩","All typed hypotheses are explicit in the signature; no hidden project axioms","Exact matched-subdivision identity in the stated positive/nonzero domain","Imported project modules and pinned Mathlib v4.29.0","PASS — clean project build, Lean 4.29.0"
"OBS.MatchedSubdivision.defectScale_hasDerivAt_zero","OBS/MatchedSubdivision/Response.lean","78","theorem defectScale_hasDerivAt_zero {s : ℝ} (hs : s ≠ 0) : HasDerivAt (fun z : ℝ => defectScale z s) (1 / s) 0","All typed hypotheses are explicit in the signature; no hidden project axioms","Exact matched-subdivision identity in the stated positive/nonzero domain","Imported project modules and pinned Mathlib v4.29.0","PASS — clean project build, Lean 4.29.0"
"OBS.MatchedSubdivision.subdivision_firstMoment_a01","OBS/MatchedSubdivision/Response.lean","88","theorem subdivision_firstMoment_a01 {s p q α : ℝ} (hs : s ≠ 0) : HasDerivAt (fun z : ℝ => (defectResponse z s p q α).a01) (p / s) 0","All typed hypotheses are explicit in the signature; no hidden project axioms","Exact matched-subdivision identity in the stated positive/nonzero domain","Imported project modules and pinned Mathlib v4.29.0","PASS — clean project build, Lean 4.29.0"
"OBS.MatchedSubdivision.subdivision_firstMoment","OBS/MatchedSubdivision/Response.lean","96","theorem subdivision_firstMoment {s p q α : ℝ} (hs : s ≠ 0) : HasDerivAt (fun z : ℝ => (defectResponse z s p q α).a00) ((residue p q α).a00 / s) 0 ∧ HasDerivAt (fun z : ℝ => (defectResponse z s p q α).a01) ((residue p q α).a01 / s) 0 ∧ HasDerivAt (fun z : ℝ => (defectResponse z s p q α).a10) ((residue p q α).a10 / s) 0 ∧ HasDerivAt (fun z : ℝ => (defectResponse z s p q α).a11) ((residue p q α).a11 / s) 0","All typed hypotheses are explicit in the signature; no hidden project axioms","Exact matched-subdivision identity in the stated positive/nonzero domain","Imported project modules and pinned Mathlib v4.29.0","PASS — clean project build, Lean 4.29.0"
"OBS.MatchedSubdivision.subdivision_firstMoment_ne_zero","OBS/MatchedSubdivision/Response.lean","125","theorem subdivision_firstMoment_ne_zero {s p : ℝ} (hs : 0 < s) (hp : 0 < p) : p / s ≠ 0","All typed hypotheses are explicit in the signature; no hidden project axioms","Exact matched-subdivision identity in the stated positive/nonzero domain","Imported project modules and pinned Mathlib v4.29.0","PASS — clean project build, Lean 4.29.0"
"OBS.MatchedSubdivision.no_finite_firstMoment_preservation","OBS/MatchedSubdivision/Response.lean","130","theorem no_finite_firstMoment_preservation {s p q α : ℝ} (hs : 0 < s) (hp : 0 < p) : ∃ d : ℝ, HasDerivAt (fun z : ℝ => (defectResponse z s p q α).a01) d 0 ∧ d ≠ 0","All typed hypotheses are explicit in the signature; no hidden project axioms","Exact matched-subdivision identity in the stated positive/nonzero domain","Imported project modules and pinned Mathlib v4.29.0","PASS — clean project build, Lean 4.29.0"
"OBS.MatchedSubdivision.defectScale_denominator_ne_zero_iff","OBS/MatchedSubdivision/Response.lean","138","theorem defectScale_denominator_ne_zero_iff {z s : ℝ} : z + s ≠ 0 ↔ z ≠ -s","All typed hypotheses are explicit in the signature; no hidden project axioms","Exact singular location; no RatFunc pole-order claim","Imported project modules and pinned Mathlib v4.29.0","PASS — clean project build, Lean 4.29.0"
"OBS.MatchedSubdivision.subdivision_current_first","OBS/MatchedSubdivision/Stationary.lean","15","theorem subdivision_current_first { πu πv p q α s : ℝ} (hs : s ≠ 0) (hα0 : α ≠ 0) (hα1 : 1 - α ≠ 0) : πu * (p / α) - insertedMass πu πv p q α s * ((1 - α) * s) = stationaryCurrent πu πv p q","All typed hypotheses are explicit in the signature; no hidden project axioms","Exact matched-subdivision identity in the stated positive/nonzero domain","Imported project modules and pinned Mathlib v4.29.0","PASS — clean project build, Lean 4.29.0"
"OBS.MatchedSubdivision.subdivision_current_second","OBS/MatchedSubdivision/Stationary.lean","25","theorem subdivision_current_second {πu πv p q α s : ℝ} (hs : s ≠ 0) (hα0 : α ≠ 0) (hα1 : 1 - α ≠ 0) : insertedMass πu πv p q α s * (α * s) - πv * (q / (1 - α)) = stationaryCurrent πu πv p q","All typed hypotheses are explicit in the signature; no hidden project axioms","Exact matched-subdivision identity in the stated positive/nonzero domain","Imported project modules and pinned Mathlib v4.29.0","PASS — clean project build, Lean 4.29.0"
"OBS.MatchedSubdivision.insertedMass_balance","OBS/MatchedSubdivision/Stationary.lean","35","theorem insertedMass_balance {πu πv p q α s : ℝ} (hs : s ≠ 0) (hα0 : α ≠ 0) (hα1 : 1 - α ≠ 0) : insertedMass πu πv p q α s * s = πu * (p / α) + πv * (q / (1 - α))","All typed hypotheses are explicit in the signature; no hidden project axioms","Exact matched-subdivision identity in the stated positive/nonzero domain","Imported project modules and pinned Mathlib v4.29.0","PASS — clean project build, Lean 4.29.0"
"OBS.MatchedSubdivision.matched_path_rate_ratio","OBS/MatchedSubdivision/Stationary.lean","44","theorem matched_path_rate_ratio {p q α s : ℝ} (hp : p ≠ 0) (hq : q ≠ 0) (hs : s ≠ 0) (hα0 : α ≠ 0) (hα1 : 1 - α ≠ 0) : ((p / α) * (α * s)) / (((1 - α) * s) * (q / (1 - α))) = p / q","All typed hypotheses are explicit in the signature; no hidden project axioms","Exact matched-subdivision identity in the stated positive/nonzero domain","Imported project modules and pinned Mathlib v4.29.0","PASS — clean project build, Lean 4.29.0"
"OBS.MatchedSubdivision.subdivision_affinity_preserved","OBS/MatchedSubdivision/Stationary.lean","52","theorem subdivision_affinity_preserved {p q α s : ℝ} (hp : p ≠ 0) (hq : q ≠ 0) (hs : s ≠ 0) (hα0 : α ≠ 0) (hα1 : 1 - α ≠ 0) : Real.log (((p / α) * (α * s)) / (((1 - α) * s) * (q / (1 - α)))) = Real.log (p / q)","All typed hypotheses are explicit in the signature; no hidden project axioms","Exact matched-subdivision identity in the stated positive/nonzero domain","Imported project modules and pinned Mathlib v4.29.0","PASS — clean project build, Lean 4.29.0"
"OBS.MatchedSubdivision.subdivision_entropy_preserved","OBS/MatchedSubdivision/Stationary.lean","61","theorem subdivision_entropy_preserved {J p q α s : ℝ} (hp : p ≠ 0) (hq : q ≠ 0) (hs : s ≠ 0) (hα0 : α ≠ 0) (hα1 : 1 - α ≠ 0) : J * Real.log (((p / α) * (α * s)) / (((1 - α) * s) * (q / (1 - α)))) = J * Real.log (p / q)","All typed hypotheses are explicit in the signature; no hidden project axioms","Exact matched-subdivision identity in the stated positive/nonzero domain","Imported project modules and pinned Mathlib v4.29.0","PASS — clean project build, Lean 4.29.0"
"OBS.MatchedSubdivision.subdivision_stationary_preservation","OBS/MatchedSubdivision/Stationary.lean","70","theorem subdivision_stationary_preservation {πu πv p q α s : ℝ} (hp : 0 < p) (hq : 0 < q) (hs : 0 < s) (hα0 : 0 < α) (hαlt : α < 1) : πu * (p / α) - insertedMass πu πv p q α s * ((1 - α) * s) = stationaryCurrent πu πv p q ∧ insertedMass πu πv p q α s * (α * s) - πv * (q / (1 - α)) = stationaryCurrent πu πv p q ∧ Real.log (((p / α) * (α * s)) / (((1 - α) * s) * (q / (1 - α)))) = Real.log (p / q) ∧ stationaryCurrent πu πv p q * Real.log (((p / α) * (α * s)) / (((1 - α) * s) * (q / (1 - α)))) = stationaryCurrent πu πv p q * Real.log (p / q)","All typed hypotheses are explicit in the signature; no hidden project axioms","Exact bundled identities, valid for arbitrary endpoint weights","Imported project modules and pinned Mathlib v4.29.0","PASS — clean project build, Lean 4.29.0"
"OBS.MatchedSubdivision.insertedMass_numerator_pos","OBS/MatchedSubdivision/Stationary.lean","92","theorem insertedMass_numerator_pos {πu πv p q α : ℝ} (hπu : 0 < πu) (hπv : 0 < πv) (hp : 0 < p) (hq : 0 < q) (hα0 : 0 < α) (hαlt : α < 1) : 0 < πu * p / α + πv * q / (1 - α)","All typed hypotheses are explicit in the signature; no hidden project axioms","Exact matched-subdivision identity in the stated positive/nonzero domain","Imported project modules and pinned Mathlib v4.29.0","PASS — clean project build, Lean 4.29.0"
"OBS.MatchedSubdivision.arbitrary_positive_insertedMass","OBS/MatchedSubdivision/Stationary.lean","103","theorem arbitrary_positive_insertedMass {πu πv p q α m : ℝ} (hπu : 0 < πu) (hπv : 0 < πv) (hp : 0 < p) (hq : 0 < q) (hα0 : 0 < α) (hαlt : α < 1) (hm : 0 < m) : ∃! s : ℝ, 0 < s ∧ insertedMass πu πv p q α s = m","All typed hypotheses are explicit in the signature; no hidden project axioms","Exact matched-subdivision identity in the stated positive/nonzero domain","Imported project modules and pinned Mathlib v4.29.0","PASS — clean project build, Lean 4.29.0"
"OBS.MatchedSubdivision.subdivision_normalized_total_mass","OBS/MatchedSubdivision/Stationary.lean","126","theorem subdivision_normalized_total_mass {m : ℝ} (hm : 0 < m) : 1 / (1 + m) + m / (1 + m) = 1","All typed hypotheses are explicit in the signature; no hidden project axioms","Exact matched-subdivision identity in the stated positive/nonzero domain","Imported project modules and pinned Mathlib v4.29.0","PASS — clean project build, Lean 4.29.0"
"OBS.MatchedSubdivision.subdivision_normalized_flux_scaling","OBS/MatchedSubdivision/Stationary.lean","132","theorem subdivision_normalized_flux_scaling {π k m : ℝ} : (π / (1 + m)) * k = (π * k) / (1 + m)","All typed hypotheses are explicit in the signature; no hidden project axioms","Exact matched-subdivision identity in the stated positive/nonzero domain","Imported project modules and pinned Mathlib v4.29.0","PASS — clean project build, Lean 4.29.0"
"OBS.CoreBranch.BidirectionalRowMarkovData","OBS/CoreBranch/ConcreteEdgeData.lean","20","Finite row-Markov data with bidirectional positivity on positive-traffic support","Fintype state space; RowMarkovData; positive reverse flows whenever traffic is positive","G-001 concrete generator and ordered support","MarkovData; FiniteWeighted","PASS — clean project build, Lean 4.29.0, 8275 jobs"
"OBS.CoreBranch.BidirectionalRowMarkovData.two_C_lt_sigma_of_backward_eigenmode","OBS/CoreBranch/ConcreteEntropy.lean","124","A nonreal nonzero backward eigenmode satisfies 2*C < sigma","Backward eigen-equations; nonzero coordinate; b != 0","G-002 strict thermodynamic bridge","ConcreteEdgeData; EntropyCurrent","PASS — clean project build, Lean 4.29.0, 8275 jobs"
"OBS.CoreBranch.BidirectionalRowMarkovData.concrete_B_cauchy_representation","OBS/CoreBranch/ConcreteCauchy.lean","113","The explicit weighted Cauchy dot product equals mode coupling B","Concrete bidirectional generator and mode coordinates","G-003 exact B representation","ConcreteEdgeData; WeightedCauchy","PASS — clean project build, Lean 4.29.0, 8275 jobs"
"OBS.CoreBranch.BidirectionalRowMarkovData.concrete_D_cauchy_representation","OBS/CoreBranch/ConcreteCauchy.lean","171","The explicit weighted first norm equals dissipation D","Concrete bidirectional generator and mode coordinates","G-003 exact D representation","ConcreteEdgeData; WeightedCauchy","PASS — clean project build, Lean 4.29.0, 8275 jobs"
"OBS.CoreBranch.BidirectionalRowMarkovData.concrete_K_cauchy_representation","OBS/CoreBranch/ConcreteCauchy.lean","209","The explicit reciprocal-weight second norm equals K","Concrete bidirectional generator and mode coordinates","G-003 exact K representation","ConcreteEdgeData; WeightedCauchy","PASS — clean project build, Lean 4.29.0, 8275 jobs"
"OBS.CoreBranch.BidirectionalRowMarkovData.concrete_B_sq_le_DK","OBS/CoreBranch/ConcreteCauchy.lean","223","B^2 <= D*K","Concrete bidirectional generator and mode coordinates","G-003 weighted Cauchy bridge","Concrete Cauchy representations","PASS — clean project build, Lean 4.29.0, 8275 jobs"
"OBS.CoreBranch.BidirectionalRowMarkovData.concrete_K_lt_H_of_B_ne_zero","OBS/CoreBranch/ConcretePhase.lean","126","B != 0 implies K < H","Concrete bidirectional generator and mode coordinates; B != 0","G-004 strict phase deficit","ConcreteCauchy; PhaseDeficit","PASS — clean project build, Lean 4.29.0, 8275 jobs"
"OBS.CoreBranch.BidirectionalRowMarkovData.concrete_B_sq_lt_DH_of_B_ne_zero","OBS/CoreBranch/ConcretePhase.lean","139","B != 0 implies B^2 < D*H","Concrete bidirectional generator and mode coordinates; B != 0","G-004 strict phase/Cauchy bridge","concrete_B_sq_le_DK; concrete_K_lt_H_of_B_ne_zero","PASS — clean project build, Lean 4.29.0, 8275 jobs"
"OBS.CoreBranch.BidirectionalRowMarkovData.H_le_M_mul_C","OBS/CoreBranch/ConcreteLocalization.lean","23","H <= M*C","Concrete bidirectional generator and mode coordinates","G-005 localization bridge","ConcreteEdgeData; FiniteWeighted","PASS — clean project build, Lean 4.29.0, 8275 jobs"
"OBS.CoreBranch.BidirectionalRowMarkovData.etaCur_eq_eta_iff_endpoint_max_all_pairs'","OBS/CoreBranch/ConcreteLocalization.lean","118","etaCur = eta iff both endpoints of every nonzero-current ordered pair have maximal amplitude","Positive N H M","G-005 exact equality characterization","H_le_M_mul_C; FiniteWeighted","PASS — clean project build, Lean 4.29.0, 8275 jobs"
"OBS.CoreBranch.BidirectionalRowMarkovData.generatorCoreCertificates","OBS/CoreBranch/GeneratorThreeFactor.lean","34","Derives all positivity, strict bridge, localization, and eigenmode certificates","Backward eigen-equations; nonzero coordinate; b != 0","Closed internal certificate bundle","ConcreteEntropy; ConcreteCauchy; ConcretePhase; ConcreteLocalization","PASS — clean project build, Lean 4.29.0, 8275 jobs"
"OBS.CoreBranch.BidirectionalRowMarkovData.rowMarkov_currentWeighted_threeFactor_closed","OBS/CoreBranch/GeneratorThreeFactor.lean","87","Exact three-factor identity with tau > 1, kappa > 1, eta <= etaCur < Y","Backward eigen-equations; nonzero coordinate; b != 0","Closed generator-level core theorem","generatorCoreCertificates; ThreeFactorCore","PASS — clean project build, Lean 4.29.0, 8275 jobs"
"OBS.CoreBranch.BidirectionalRowMarkovData.rowMarkov_Y_eq_tau_mul_kappa_mul_etaCur","OBS/CoreBranch/GeneratorThreeFactor.lean","109","Y = tau*kappa*etaCur","Backward eigen-equations; nonzero coordinate; b != 0","Paper-facing factor identity","rowMarkov_currentWeighted_threeFactor_closed","PASS — clean project build, Lean 4.29.0, 8275 jobs"
"OBS.CoreBranch.BidirectionalRowMarkovData.rowMarkov_Y_gt_etaCur_ge_eta","OBS/CoreBranch/GeneratorThreeFactor.lean","123","etaCur < Y and eta <= etaCur","Backward eigen-equations; nonzero coordinate; b != 0","Paper-facing strict/refined bound","rowMarkov_currentWeighted_threeFactor_closed","PASS — clean project build, Lean 4.29.0, 8275 jobs"
"OBS.CoreBranch.BidirectionalRowMarkovData.rowMarkov_paperCore","OBS/CoreBranch/GeneratorThreeFactor.lean","139","Y = tau*kappa*etaCur with tau > 1, kappa > 1, eta <= etaCur < Y","Backward eigen-equations; nonzero coordinate; b != 0","Bundled manuscript core statement","rowMarkov_currentWeighted_threeFactor_closed","PASS — clean project build, Lean 4.29.0, 8275 jobs"
"OBS.CoreBranch.BidirectionalRowMarkovData.rowMarkov_etaCur_eq_eta_iff","OBS/CoreBranch/GeneratorThreeFactor.lean","158","etaCur = eta iff endpoints of every nonzero-current pair have maximal amplitude","Backward eigen-equations; nonzero coordinate; b != 0","Generator-level exact localization equality case","generatorCoreCertificates; ConcreteLocalization","PASS — clean project build, Lean 4.29.0, 8275 jobs"
"OBS.CoreBranch.RegressionExamples.reversible_sparse_B_eq_zero","OBS/CoreBranch/RegressionExamples.lean","71","The sparse reversible three-state chain has B = 0","Arbitrary real mode coordinates","Regression: reversible zero-current limit","ConcreteEdgeData","PASS — clean project build, Lean 4.29.0, 8275 jobs"
"OBS.CoreBranch.RegressionExamples.sparse_absent_edge","OBS/CoreBranch/RegressionExamples.lean","90","The absent 0-to-2 edge has zero traffic","None","Regression: sparse bidirectional support","ConcreteEdgeData","PASS — clean project build, Lean 4.29.0, 8275 jobs"
"OBS.CoreBranch.RegressionExamples.current_nonzero_but_phase_and_difference_zero","OBS/CoreBranch/RegressionExamples.lean","120","A nonzero current pair can have zero phase and difference contribution","None","Regression: strictness mechanism edge case","ConcretePhase","PASS — clean project build, Lean 4.29.0, 8275 jobs"
"OBS.CoreBranch.RegressionExamples.synthetic_localization_saturation","OBS/CoreBranch/RegressionExamples.lean","128","A synthetic amplitude profile saturates the localization equality condition","None","Regression: localization equality","ConcreteLocalization","PASS — clean project build, Lean 4.29.0, 8275 jobs"
"OBS.CoreBranch.RegressionExamples.three_state_ordered_half_conversion","OBS/CoreBranch/RegressionExamples.lean","138","One-half of the ordered directed cost equals the once-per-edge total","None","Regression: ordered-pair factor conversion","ConcreteEdgeData","PASS — clean project build, Lean 4.29.0, 8275 jobs"
